id,parent,child,local,remote,parentMin,parentMax,childMin,childMax,identifying
R01,User,UserRole,userId,userId,1,1,0,N,True
R02,Role,UserRole,roleId,roleId,1,1,0,N,True
R03,User,UserRole,grantedBy,userId,1,1,0,N,False
R04,User,Requirement,creatorId,userId,1,1,0,N,False
R05,User,Requirement,assigneeId,userId,0,1,0,N,False
R06,User,Requirement,withdrawnBy,userId,0,1,0,N,False
R07,Requirement,RequirementVersion,requirementId,requirementId,1,1,0,N,False
R08,RequirementVersion,Requirement,"requirementId,currentVersionId","requirementId,versionId",0,1,0,1,False
R09,Requirement,RequirementReview,requirementId,requirementId,1,1,0,N,False
R10,User,RequirementReview,submittedBy,userId,1,1,0,N,False
R11,User,RequirementReview,reviewerId,userId,0,1,0,N,False
R12,RequirementReview,RequirementVersion,"requirementId,initialReviewId","requirementId,reviewId",0,1,0,1,False
R13,ChangeRequest,RequirementVersion,"requirementId,appliedChangeRequestId","requirementId,changeRequestId",0,1,0,1,False
R14,User,RequirementVersion,createdBy,userId,1,1,0,N,False
R15,Requirement,ChangeRequest,requirementId,requirementId,1,1,0,N,False
R16,RequirementVersion,ChangeRequest,"requirementId,baseVersionId","requirementId,versionId",1,1,0,N,False
R17,User,ChangeRequest,createdBy,userId,1,1,0,N,False
R18,User,ChangeRequest,appliedBy,userId,0,1,0,N,False
R19,ChangeRequest,ChangeRequestReview,"requirementId,changeRequestId","requirementId,changeRequestId",1,1,0,N,False
R20,RequirementVersion,ChangeRequestReview,"requirementId,snapshotBaseVersionId","requirementId,versionId",1,1,0,N,False
R21,User,ChangeRequestReview,submittedBy,userId,1,1,0,N,False
R22,User,ChangeRequestReview,reviewerId,userId,0,1,0,N,False
R23,Requirement,RequirementRelation,sourceRequirementId,requirementId,1,1,0,N,False
R24,Requirement,RequirementRelation,targetRequirementId,requirementId,1,1,0,N,False
R25,User,RequirementRelation,createdBy,userId,1,1,0,N,False
R26,User,Tag,createdBy,userId,1,1,0,N,False
R27,Requirement,RequirementTag,requirementId,requirementId,1,1,0,N,True
R28,Tag,RequirementTag,tagId,tagId,1,1,0,N,True
R29,User,RequirementTag,addedBy,userId,1,1,0,N,False
R30,Requirement,Comment,requirementId,requirementId,1,1,0,N,False
R31,User,Comment,authorId,userId,1,1,0,N,False
R32,User,Comment,deletedBy,userId,0,1,0,N,False
R33,User,AuditEvent,actorId,userId,1,1,0,N,False
R34,Requirement,AuditEvent,requirementId,requirementId,0,1,0,N,False
